NGA West horizontal spectra ,,,,,,,,,,,,,,,,,,,,,,,,,,,,,,,,,,,,,,,,,,,,,,,,,,,,,,,,,,,,,,,,,,,,,,,,,,,,,,,,,,,,,,,,,,,,,,,,,,,,,,,,,,,,,,,,,,,,,,,,,,,,,,,,,,,,,,,
111,,,,,,,,,,,,,,,,,,,,,,,,,,,,,,,,,,,,,,,,,,,,,,,,,,,,,,,,,,,,,,,,,,,,,,,,,,,,,,,,,,,,,,,,,,,,,,,,,,,,,,,,,,,,,,,,,,,,,,,,,,,,,,,,,,,,,,,
0.01,0.02,0.022,0.025,0.029,0.03,0.032,0.035,0.036,0.04,0.042,0.044,0.045,0.046,0.048,0.05,0.055,0.06,0.065,0.067,0.07,0.075,0.08,0.085,0.09,0.095,0.1,0.11,0.12,0.13,0.133,0.14,0.15,0.16,0.17,0.18,0.19,0.2,0.22,0.24,0.25,0.26,0.28,0.29,0.3,0.32,0.34,0.35,0.36,0.38,0.4,0.42,0.44,0.45,0.46,0.48,0.5,0.55,0.6,0.65,0.667,0.7,0.75,0.8,0.85,0.9,0.95,1,1.1,1.2,1.3,1.4,1.5,1.6,1.7,1.8,1.9,2,2.2,2.4,2.5,2.6,2.8,3,3.2,3.4,3.5,3.6,3.8,4,4.2,4.4,4.6,4.8,5,5.5,6,6.5,7,7.5,8,8.5,9,9.5,10,11,12,13,14,15,20,,,,,,,,,,,,,,,,,,,,,,,,,
Record Sequence Number,EQID,SSN,Earthquake Magnitude,Dip (deg),Rake Angle (deg),ClstD (km),Rjb (km),Repi (km),Rhyp (km),Rx,Source to Site Azimuth (deg),Preferred Vs30,,,,,,,,,,,,,,,,,,,,,,,,,,,,,,,,,,,,,,,,,,,,,,,,,,,,,,,,,,,,,,,,,,,,,,,,,,,,,,,,,,,,,,,,,,,,,,,,,,,,,,,,,,,,,,,,,,,,,,,,,,,
1,1,999,7.3,22,0,115.2,999,999,999,999,0,760,I,Q,B,99,99,-999,0.016041794,2.402457584,-999,0.016058,0.016108,0.016122,0.016146,0.016182,0.016191,0.016212,0.016245,0.016257,0.016307,0.016334,0.016363,0.016378,0.016393,0.016425,0.016459,0.016558,0.01671,0.017019,0.017278,0.01801,0.019216,0.021007,0.021951,0.023594,0.021648,0.025867,0.028276,0.032005,0.052179,0.046928,0.040639,0.037895,0.044575,0.035307,0.034114,0.038046,0.040692,0.046331,0.04135,0.043266,0.044172,0.0411,0.039674,0.035875,0.039881,0.032283,0.032033,0.031682,0.033459,0.036206,0.034169,0.039881,0.040928,0.038524,0.03535,0.034385,0.034222,0.033223,0.034634,0.033701,0.031255,0.026088,0.021949,0.019922,0.019555,0.019925,0.024538,0.024981,0.024904,0.023436,0.026362,0.021863,0.017906,0.013839,0.011864,0.013227,0.017055,0.01509,0.011523,0.010833,0.0095052,0.0080015,0.0087394,0.0083091,0.010635,0.011695,0.010844,0.0081253,0.0073394,0.0073939,0.0073588,0.0066735,0.0063681,0.0053371,0.0039698,0.0020647,0.0017366,0.0019221,0.0014765,0.0013152,0.0016581,0.0012111,0.000992,0.0010069,0.00099222,0.00067513,0.00066279,0.00096015,0.00064435,0.00053803,CU016407.061-0.03.NS,CU016407.061-0.03.NS,CU016407.061-0.03.NS
2,1,999,7.3,22,0,124.4,999,999,999,999,0,760,I,Q,B,99,99,-999,0.018648318,2.1141236,-999,0.018692,0.018825,0.018863,0.018928,0.019028,0.019056,0.019115,0.019212,0.019246,0.019397,0.019481,0.01957,0.019616,0.019664,0.019765,0.019872,0.02017,0.020514,0.020836,0.021018,0.021472,0.020892,0.02069,0.022231,0.0251,0.026202,0.029382,0.037874,0.037483,0.037555,0.039803,0.041797,0.03792,0.041346,0.040894,0.046075,0.048429,0.048028,0.045404,0.045373,0.044954,0.046345,0.048587,0.0509,0.056376,0.05245,0.05855,0.05769,0.05335,0.044519,0.040025,0.038638,0.033252,0.03155,0.03271,0.038615,0.040526,0.035107,0.046154,0.035404,0.031877,0.034589,0.034893,0.033664,0.033117,0.030751,0.023611,0.021872,0.021588,0.020642,0.01982,0.017791,0.016975,0.01621,0.013242,0.015115,0.014897,0.014812,0.014828,0.010065,0.0099156,0.010081,0.010829,0.009209,0.0070904,0.0050079,0.004602,0.0050138,0.0052302,0.0051034,0.0045507,0.003637,0.0038722,0.0041459,0.0046581,0.0034818,0.0023805,0.002375,0.0014396,0.0016094,0.0012175,0.00099428,0.0012442,0.00089342,0.00071381,0.00080677,0.00057277,0.00050205,0.00062802,0.0007097,0.00029866,CU016407.061-0.03.EW,CU016407.061-0.03.EW,CU016407.061-0.03.EW
3,2,999,7.8,22,0,122.8,999,999,999,999,0,760,I,Q,B,99,99,-999,0.006501529,1.483962205,-999,0.0065027,0.0065063,0.0065073,0.0065089,0.0065112,0.0065119,0.0065131,0.0065151,0.0065158,0.0065184,0.0065196,0.0065207,0.0065213,0.0065217,0.0065225,0.0065229,0.0065498,0.0065935,0.0066488,0.0066784,0.0066937,0.0067391,0.0072054,0.0071636,0.0070749,0.0071943,0.007479,0.0076419,0.0084633,0.0076646,0.0075079,0.0076174,0.0078681,0.0078853,0.007767,0.0077831,0.0080696,0.0084119,0.0086943,0.0081093,0.0080381,0.0080518,0.0091013,0.0094928,0.0098899,0.0095898,0.010656,0.011546,0.012452,0.012839,0.013127,0.013097,0.011839,0.011289,0.011004,0.01054,0.010622,0.012015,0.011627,0.010063,0.011167,0.012366,0.013132,0.012564,0.015601,0.016392,0.018641,0.014445,0.013508,0.010153,0.012245,0.015308,0.013446,0.011986,0.012585,0.013839,0.013834,0.012828,0.012505,0.0099545,0.0098658,0.008766,0.0071057,0.0090529,0.0065998,0.0063185,0.0063228,0.0068204,0.0072648,0.0073452,0.0073754,0.007691,0.0065336,0.0047147,0.0032665,0.0028948,0.0023872,0.0015843,0.0011626,0.00094106,0.00074767,0.00065033,0.00057244,0.00048494,0.0004432,0.00034541,0.00028937,0.00026217,0.00019014,0.00016934,0.00010759,CU016508.231-0.03.NS,CU016508.231-0.03.NS,CU016508.231-0.03.NS
4,2,999,7.8,22,0,205.5,999,999,999,999,0,760,I,Q,B,99,99,-999,0.005850153,1.648272208,-999,0.0058516,0.0058559,0.0058572,0.0058592,0.0058623,0.0058632,0.0058649,0.0058677,0.0058687,0.0058728,0.005875,0.0058772,0.0058783,0.0058794,0.0058816,0.0058838,0.0058895,0.0058974,0.0058874,0.0059014,0.0060518,0.0063431,0.0064116,0.0066279,0.0071756,0.0077824,0.007781,0.0072591,0.0072816,0.0066411,0.0066376,0.0070262,0.0074218,0.0072811,0.0074033,0.0071198,0.0076225,0.0074655,0.0079893,0.0080911,0.0078812,0.0081112,0.0088615,0.0090623,0.0099873,0.00854,0.0092331,0.0097672,0.0098272,0.010524,0.010544,0.011209,0.013009,0.014042,0.014234,0.01362,0.013818,0.012422,0.013572,0.011509,0.012126,0.01459,0.015695,0.015414,0.01424,0.014773,0.01725,0.018099,0.013555,0.014749,0.011571,0.011674,0.01397,0.013582,0.013771,0.015358,0.020662,0.020481,0.011527,0.011287,0.012167,0.012718,0.0078959,0.0050476,0.0045573,0.0049664,0.0052147,0.0046913,0.004156,0.0046499,0.0049703,0.0045914,0.003683,0.003004,0.0024117,0.0019574,0.0014322,0.0011667,0.00095314,0.00097226,0.00079686,0.0007386,0.00077751,0.00058503,0.00054471,0.00051985,0.00038502,0.00047072,0.00030067,0.00023854,0.00015769,CU016508.231-0.03.EW,CU016508.231-0.03.EW,CU016508.231-0.03.EW
5,3,999,7.4,22,0,132.7,999,999,999,999,0,760,I,Q,B,99,99,-999,0.011019368,3.000270618,-999,0.011024,0.011039,0.011043,0.01105,0.011058,0.01106,0.011064,0.011066,0.011065,0.011076,0.011094,0.011407,0.012011,0.012354,0.012344,0.012392,0.013529,0.013842,0.013661,0.013547,0.013269,0.012662,0.012442,0.012032,0.012468,0.012786,0.012842,0.012721,0.012985,0.0127,0.012849,0.013173,0.013563,0.013999,0.01506,0.015012,0.016035,0.016478,0.014016,0.014982,0.016106,0.015816,0.017246,0.015874,0.0139,0.014089,0.013584,0.014338,0.015208,0.016502,0.019332,0.020093,0.018794,0.017469,0.016605,0.016801,0.016736,0.02149,0.022811,0.020922,0.022096,0.022555,0.020327,0.018739,0.020491,0.024733,0.026492,0.029742,0.029262,0.020654,0.019699,0.02578,0.029625,0.038835,0.04604,0.05279,0.04672,0.032313,0.020726,0.014157,0.01392,0.013087,0.011041,0.012656,0.011676,0.0091402,0.0080388,0.0085157,0.0085749,0.0092657,0.0073134,0.0053603,0.0052073,0.0062997,0.0067742,0.0034631,0.0030488,0.0022737,0.0017409,0.0018488,0.0023682,0.0024061,0.001569,0.0012603,0.0011433,0.0012416,0.0022512,0.0015383,0.00090776,0.00070091,0.00065399,CU016808.021-0.02.NS,CU016808.021-0.02.NS,CU016808.021-0.02.NS
6,3,999,7.4,22,0,165.5,999,999,999,999,0,760,I,Q,B,99,99,-999,0.015203874,3.746389257,-999,0.015211,0.015234,0.015241,0.015252,0.015268,0.015272,0.015278,0.015276,0.015264,0.015262,0.015134,0.016371,0.017491,0.018138,0.018127,0.017936,0.01979,0.020067,0.019543,0.019354,0.018949,0.018273,0.017315,0.016817,0.017867,0.018169,0.018235,0.018475,0.018366,0.01747,0.017579,0.018493,0.019294,0.019251,0.019287,0.019191,0.02017,0.020363,0.020685,0.019783,0.020663,0.020688,0.022919,0.023699,0.025368,0.030842,0.032972,0.03304,0.032431,0.029458,0.026105,0.020714,0.022646,0.024386,0.025446,0.023345,0.020854,0.0255,0.021441,0.017134,0.018193,0.019989,0.020965,0.018699,0.018438,0.019561,0.020612,0.022693,0.025547,0.029049,0.029311,0.032216,0.043789,0.052448,0.052959,0.036792,0.041629,0.038854,0.025303,0.029023,0.024791,0.021398,0.016837,0.018226,0.015519,0.015487,0.017184,0.017243,0.010948,0.0087355,0.0096808,0.0092018,0.0069424,0.0059292,0.0051123,0.0041527,0.0033553,0.0030498,0.0032168,0.0020737,0.0016616,0.0015642,0.0015502,0.0016242,0.0018498,0.0016707,0.0010812,0.00078319,0.00064736,0.00057469,0.0011286,CU016808.021-0.02.EW,CU016808.021-0.02.EW,CU016808.021-0.02.EW
7,4,999,6.4,22,0,180.2,999,999,999,999,0,760,I,Q,B,99,99,-999,0.006777778,1.054563553,-999,0.0067797,0.0067843,0.0067852,0.0067864,0.0067873,0.0067874,0.0067877,0.0067893,0.0067927,0.0068042,0.0068181,0.0068777,0.0069107,0.0069484,0.0070307,0.0075357,0.0084274,0.008661,0.0086196,0.0085047,0.0082734,0.0086423,0.0088473,0.009438,0.010032,0.010732,0.010777,0.011441,0.010539,0.010805,0.01135,0.011929,0.015462,0.016979,0.016516,0.01455,0.013425,0.013356,0.015257,0.013991,0.01388,0.014898,0.013439,0.013427,0.014018,0.013777,0.01213,0.01336,0.015035,0.014799,0.014602,0.012611,0.013326,0.013539,0.012843,0.011706,0.011188,0.015215,0.013735,0.013099,0.013384,0.013437,0.010295,0.0082774,0.0091501,0.011012,0.010856,0.011313,0.010591,0.013205,0.011325,0.008054,0.010932,0.010918,0.007793,0.009899,0.010799,0.0093661,0.0088834,0.0083498,0.0074352,0.0066496,0.0065027,0.0061854,0.0068449,0.0053645,0.0044803,0.0037742,0.0031075,0.0025853,0.0021579,0.0020174,0.0018188,0.0017652,0.0014927,0.0011861,0.000955,0.00070477,0.00076887,0.00075163,0.00063596,0.00072988,0.00053602,0.00040207,0.00040292,0.00052184,0.00028905,0.00029043,0.00044239,0.00037703,0.00026514,CU017606.071-0.02.NS,CU017606.071-0.02.NS,CU017606.071-0.02.NS
8,4,999,6.4,22,0,350.1,999,999,999,999,0,760,I,Q,B,99,99,-999,0.013722732,2.791408776,-999,0.013732,0.01376,0.013768,0.013782,0.013805,0.013811,0.013825,0.01385,0.01386,0.013895,0.013892,0.013879,0.013858,0.013847,0.013869,0.013881,0.014041,0.014296,0.014936,0.014888,0.014492,0.014229,0.014482,0.014478,0.015335,0.016055,0.016785,0.016539,0.017462,0.01795,0.017217,0.016875,0.020099,0.019354,0.019616,0.019296,0.018633,0.019051,0.022171,0.021695,0.021625,0.022353,0.018761,0.017047,0.016819,0.017891,0.016572,0.016287,0.018024,0.019923,0.023245,0.026717,0.02669,0.027597,0.029602,0.031662,0.027831,0.022416,0.019573,0.021549,0.02095,0.019488,0.019384,0.019345,0.016925,0.019485,0.019941,0.019007,0.02287,0.023483,0.026161,0.024131,0.02233,0.025514,0.023931,0.023948,0.027761,0.030605,0.03027,0.025342,0.022237,0.018203,0.015388,0.014327,0.011863,0.01012,0.0089308,0.0074392,0.0064168,0.0054187,0.0045112,0.0037588,0.0030407,0.0025268,0.0023619,0.001705,0.0013442,0.0011093,0.0012878,0.001068,0.0010844,0.00094121,0.00075743,0.00071464,0.00070882,0.00044821,0.0003563,0.00042965,0.00050631,0.00036053,0.00037954,CU017606.071-0.02.EW,CU017606.071-0.02.EW,CU017606.071-0.02.EW
9,5,999,6.4,22,0,84.8,999,999,999,999,0,760,I,Q,B,99,99,-999,0.005882773,0.955401006,-999,0.0058889,0.0059074,0.0059126,0.0059215,0.0059351,0.0059388,0.0059467,0.0059599,0.0059648,0.0059881,0.0059863,0.0059973,0.0060073,0.0060077,0.0059955,0.0059726,0.0059513,0.0061327,0.0060493,0.006068,0.0059007,0.0058559,0.0061739,0.0062627,0.0063922,0.0062098,0.00626,0.0063423,0.0072901,0.0083001,0.0089049,0.010119,0.0098797,0.0086645,0.008918,0.0086706,0.0091341,0.0095177,0.011352,0.011966,0.012389,0.012313,0.013781,0.01238,0.010184,0.011023,0.0084645,0.0088112,0.0089698,0.0086126,0.0077712,0.0082669,0.0081297,0.0080152,0.0077651,0.0086988,0.0099242,0.011489,0.0093794,0.0081995,0.0083251,0.0073638,0.0090225,0.0096097,0.010408,0.010661,0.010142,0.010905,0.016161,0.011224,0.0095581,0.012379,0.013013,0.011865,0.011368,0.011219,0.010953,0.010054,0.004952,0.0040528,0.0047753,0.0058572,0.0048388,0.0033744,0.0023031,0.0023022,0.0021178,0.0017547,0.0011392,0.00098817,0.00097339,0.0008267,0.00081087,0.00077619,0.00066832,0.00062145,0.00053138,0.00044739,0.00038403,0.00042619,0.0002768,0.00025975,0.0003081,0.00029043,0.00023238,0.00016884,0.00023196,0.00022818,0.00014441,0.00012531,0.00014588,CU017803.191-0.02.NS,CU017803.191-0.02.NS,CU017803.191-0.02.NS
10,5,999,6.4,22,0,179,999,999,999,999,0,760,I,Q,B,99,99,-999,0.004100917,0.850643195,-999,0.0041059,0.0041223,0.0041273,0.0041363,0.0041515,0.004156,0.0041659,0.0041833,0.0041896,0.0042356,0.0042594,0.0043007,0.0043458,0.0044001,0.0044342,0.0044896,0.0041969,0.0047832,0.0046966,0.0046877,0.0044204,0.0050281,0.0050364,0.0050806,0.0057504,0.0053087,0.0046957,0.0048639,0.0055299,0.0060758,0.005839,0.0058641,0.0066055,0.0078342,0.0079642,0.0064396,0.0068896,0.0080138,0.010075,0.010305,0.0090047,0.0086488,0.010273,0.0090783,0.0098499,0.0095974,0.01246,0.013062,0.012133,0.0093395,0.0096593,0.0082543,0.0093382,0.0097457,0.010447,0.011269,0.011065,0.0089523,0.010881,0.011764,0.011497,0.0094232,0.011978,0.011493,0.0096319,0.0096457,0.0094898,0.010761,0.01205,0.009771,0.0077926,0.0089262,0.007507,0.0062059,0.0057344,0.0067446,0.0064762,0.0052996,0.0058167,0.0090266,0.0093681,0.0086032,0.0062088,0.0049244,0.0046442,0.0035588,0.0026018,0.0019466,0.0014358,0.0012615,0.0011312,0.0010161,0.0010079,0.00091273,0.00086083,0.00067173,0.00054987,0.00044766,0.00037979,0.00035904,0.00031378,0.00029566,0.00033201,0.00028164,0.00023549,0.00019826,0.00026908,0.00017841,0.00012058,0.0001063,0.00012992,CU017803.191-0.02.EW,CU017803.191-0.02.EW,CU017803.191-0.02.EW
11,6,999,7.6,22,0,116.9,999,999,999,999,0,760,I,Q,B,99,99,-999,0.017350663,3.281531449,-999,0.017379,0.017471,0.017499,0.017547,0.017627,0.01765,0.017703,0.017797,0.017834,0.018013,0.018133,0.018322,0.018448,0.018533,0.01863,0.018993,0.018418,0.018511,0.019706,0.020063,0.019286,0.018892,0.018748,0.019446,0.020457,0.022302,0.023611,0.025225,0.024821,0.026005,0.024386,0.021188,0.022766,0.024888,0.023055,0.024584,0.025859,0.031162,0.033038,0.033704,0.030954,0.029492,0.024723,0.024718,0.02524,0.026424,0.027497,0.030986,0.034322,0.034971,0.034102,0.032878,0.033802,0.034017,0.035707,0.040869,0.033815,0.032294,0.039842,0.034073,0.033942,0.04103,0.044107,0.046725,0.042628,0.043369,0.040224,0.039024,0.037913,0.035581,0.040941,0.0392,0.039112,0.041673,0.039243,0.042168,0.042922,0.035285,0.023991,0.024694,0.026926,0.025236,0.020121,0.015306,0.01578,0.015121,0.014669,0.013442,0.013378,0.012561,0.010432,0.0073859,0.0061848,0.0052524,0.0043302,0.0029513,0.0021093,0.0018899,0.0012614,0.0011418,0.0011935,0.0010858,0.0010779,0.00090947,0.00073217,0.00067798,0.00049841,0.00039337,0.00036247,0.00035775,0.00020884,CU017903.141-0.02.NS,CU017903.141-0.02.NS,CU017903.141-0.02.NS
12,6,999,7.6,22,0,155.6,999,999,999,999,0,760,I,Q,B,99,99,-999,0.019813456,3.85506749,-999,0.019816,0.019824,0.019826,0.01983,0.019835,0.019837,0.01984,0.019847,0.01985,0.019891,0.01991,0.019963,0.020033,0.020124,0.020191,0.0201,0.020469,0.020086,0.021146,0.021436,0.021371,0.021256,0.021735,0.021811,0.02117,0.022391,0.023823,0.025138,0.022892,0.023326,0.024381,0.027336,0.02897,0.026505,0.02696,0.027958,0.026005,0.029011,0.027639,0.032676,0.031376,0.03301,0.033548,0.030519,0.030825,0.035276,0.038412,0.03778,0.036219,0.036597,0.035496,0.039307,0.038806,0.036767,0.034822,0.040111,0.042926,0.033449,0.040196,0.0441,0.044371,0.041044,0.036429,0.028889,0.035372,0.034551,0.034541,0.039541,0.044153,0.048669,0.038536,0.041821,0.038554,0.052705,0.05849,0.062256,0.056043,0.049449,0.031185,0.023556,0.021423,0.022571,0.021528,0.021535,0.020837,0.015603,0.013663,0.013061,0.012459,0.008433,0.0076189,0.0059175,0.0049068,0.0038689,0.0030789,0.0024451,0.002032,0.0016572,0.0015868,0.0014163,0.0013569,0.0012474,0.0009882,0.00091373,0.00084101,0.00051824,0.00055261,0.00046148,0.00035127,0.00033545,0.00021963,CU017903.141-0.02.EW,CU017903.141-0.02.EW,CU017903.141-0.02.EW
13,7,999,6.9,22,0,169.4,999,999,999,999,0,760,I,Q,B,99,99,-999,0.00691947,1.373664197,-999,0.006927,0.0069505,0.0069574,0.0069693,0.0069885,0.0069941,0.0070064,0.0070299,0.0070405,0.0071325,0.0071382,0.0071514,0.0071523,0.0071499,0.0071129,0.0073129,0.0077399,0.0079843,0.0078793,0.0077727,0.0076852,0.007721,0.0075496,0.007285,0.0077963,0.0081548,0.0079302,0.007717,0.0080401,0.0093398,0.0097504,0.010426,0.0090677,0.0081649,0.0088727,0.0095313,0.0084974,0.0089665,0.013066,0.013117,0.012049,0.011168,0.0095105,0.0098224,0.0099544,0.010911,0.012663,0.01437,0.015235,0.014316,0.013704,0.012698,0.010969,0.0099776,0.0097685,0.011832,0.011871,0.010837,0.011794,0.017588,0.017727,0.016591,0.020302,0.023643,0.024203,0.024362,0.022201,0.017088,0.0148,0.018036,0.01701,0.018043,0.018174,0.020767,0.023142,0.018332,0.012739,0.0096759,0.0074707,0.0063734,0.0063189,0.0059308,0.0058928,0.0066331,0.0052428,0.0054834,0.005449,0.004892,0.0033596,0.0036285,0.003301,0.002819,0.0025926,0.0024825,0.0022718,0.0014277,0.00095051,0.00086967,0.00066296,0.00067612,0.00050262,0.00044824,0.0004708,0.00033147,0.00027217,0.00028346,0.00019992,0.00016647,0.00016987,0.00019671,7.60E-05,CU018206.071-0.02.NS,CU018206.071-0.02.NS,CU018206.071-0.02.NS
14,7,999,6.9,22,0,208,999,999,999,999,0,760,I,Q,B,99,99,-999,0.012084608,5.110248939,-999,0.012086,0.012091,0.012093,0.012095,0.012099,0.0121,0.012103,0.012106,0.012108,0.012114,0.012117,0.012121,0.012123,0.012125,0.012129,0.012134,0.012147,0.012163,0.012192,0.012206,0.012222,0.012298,0.012345,0.012395,0.012459,0.012512,0.012471,0.012681,0.012418,0.012684,0.012614,0.013236,0.013384,0.012981,0.012652,0.012514,0.012452,0.013546,0.014581,0.014843,0.015213,0.015203,0.01618,0.016692,0.016859,0.015592,0.016159,0.016046,0.015709,0.017006,0.015918,0.015254,0.015552,0.016189,0.016676,0.017549,0.019814,0.019522,0.019363,0.021426,0.019766,0.019385,0.020054,0.020503,0.01827,0.015341,0.019471,0.022189,0.027026,0.03098,0.02851,0.028089,0.032583,0.030886,0.0259,0.023871,0.025826,0.025711,0.038433,0.061158,0.070181,0.069782,0.049876,0.035935,0.031177,0.024019,0.022069,0.021773,0.018885,0.017337,0.016789,0.013172,0.01316,0.01468,0.013346,0.0088035,0.0068365,0.0047134,0.0036455,0.0043424,0.0039858,0.0027602,0.0026532,0.0020526,0.001379,0.00098895,0.00084711,0.00071642,0.00059366,0.00053877,0.00033134,CU018206.071-0.03.EW,CU018206.071-0.03.EW,CU018206.071-0.03.EW
15,8,999,8,22,0,223.8,999,999,999,999,0,760,I,Q,B,99,99,-999,0.027089704,8.983117185,-999,0.027192,0.028005,0.028935,0.029463,0.027531,0.027983,0.027955,0.028425,0.028114,0.028077,0.027803,0.02831,0.02808,0.028248,0.028547,0.028741,0.029141,0.028242,0.027464,0.02781,0.02811,0.028278,0.028026,0.027725,0.027236,0.027271,0.027356,0.027795,0.028351,0.029059,0.029172,0.030479,0.030688,0.029499,0.029983,0.030433,0.030634,0.031089,0.033266,0.036744,0.03832,0.041714,0.04552,0.045517,0.043071,0.042063,0.04605,0.045433,0.042502,0.03996,0.036912,0.040558,0.043334,0.043563,0.044577,0.048169,0.046094,0.054772,0.0553,0.06746,0.070423,0.0656,0.064812,0.078548,0.089714,0.086876,0.087012,0.075832,0.078844,0.074661,0.072842,0.082608,0.078302,0.083648,0.10384,0.098177,0.083415,0.082826,0.082736,0.072297,0.075534,0.07934,0.06635,0.060279,0.047498,0.034651,0.029865,0.027084,0.021826,0.024067,0.02289,0.024307,0.021992,0.024071,0.025399,0.02147,0.021976,0.021387,0.015402,0.010518,0.0085805,0.0071215,0.0065094,0.0068308,0.0055099,0.0046484,0.0041338,0.0043091,0.0038787,0.0036265,0.0014699,CU018509.191-0.01.NS,CU018509.191-0.01.NS,CU018509.191-0.01.NS
16,8,999,8,22,0,231.1,999,999,999,999,0,760,I,Q,B,99,99,-999,0.033214067,8.813200756,-999,0.033353,0.034574,0.034774,0.034486,0.034349,0.033724,0.033257,0.033588,0.033209,0.034587,0.034665,0.034841,0.034909,0.034699,0.033988,0.034041,0.033875,0.033194,0.034312,0.034344,0.034304,0.035084,0.034773,0.034768,0.034603,0.033395,0.034319,0.03326,0.0348,0.034799,0.03448,0.03528,0.036602,0.038551,0.039449,0.038972,0.038271,0.039127,0.045981,0.042257,0.042965,0.046911,0.05176,0.051095,0.046679,0.049351,0.059471,0.060205,0.059407,0.054799,0.050853,0.049833,0.049515,0.050066,0.053564,0.05783,0.055926,0.057414,0.071407,0.088786,0.094622,0.1128,0.11434,0.10859,0.10213,0.12316,0.13011,0.099988,0.089885,0.10393,0.095436,0.07702,0.076847,0.081314,0.076351,0.074287,0.07829,0.077562,0.089234,0.059586,0.065853,0.073175,0.055101,0.043652,0.040565,0.035477,0.036027,0.034485,0.032556,0.029042,0.022227,0.020326,0.017312,0.014369,0.012639,0.010128,0.014665,0.01269,0.011233,0.0090827,0.0075872,0.0085586,0.0091787,0.010323,0.010933,0.0080327,0.0061482,0.006169,0.0037864,0.0031523,0.0014144,CU018509.191-0.01.EW,CU018509.191-0.01.EW,CU018509.191-0.01.EW
17,9,999,7.6,22,0,163.5,999,999,999,999,0,760,I,Q,B,99,99,-999,0.013601427,4.627322962,-999,0.013689,0.015332,0.015038,0.015249,0.015967,0.016021,0.01577,0.014383,0.015067,0.01458,0.014533,0.013969,0.013967,0.013912,0.013927,0.01385,0.014042,0.013762,0.014128,0.01377,0.013415,0.013742,0.014048,0.014307,0.013982,0.013647,0.013545,0.013864,0.015062,0.015255,0.015266,0.014682,0.013999,0.014179,0.01511,0.014991,0.015,0.015741,0.015234,0.015122,0.016045,0.017593,0.020327,0.020785,0.019715,0.016712,0.019103,0.020158,0.020238,0.018543,0.01976,0.019915,0.01973,0.019718,0.019276,0.021472,0.02562,0.023931,0.026964,0.029053,0.029119,0.029619,0.029743,0.031523,0.028272,0.030567,0.032524,0.030695,0.024342,0.025314,0.026153,0.025959,0.02979,0.031901,0.035868,0.034929,0.030958,0.034832,0.046432,0.048,0.042626,0.042244,0.037561,0.033117,0.026294,0.021928,0.019858,0.017355,0.015093,0.0098599,0.0089948,0.010492,0.010855,0.0093014,0.0083199,0.0052,0.0043452,0.0046748,0.0037534,0.0045546,0.0039116,0.0032931,0.0039275,0.003153,0.0023431,0.0025965,0.0023472,0.0013314,0.0011246,0.0011199,0.00044017,CU018904.251-0.01.NS,CU018904.251-0.01.NS,CU018904.251-0.01.NS
18,9,999,7.6,22,0,238.4,999,999,999,999,0,760,I,Q,B,99,99,-999,0.010423038,2.984481829,-999,0.01053,0.011462,0.01124,0.011276,0.01127,0.011225,0.011226,0.012196,0.01234,0.012028,0.011608,0.011045,0.011229,0.011302,0.010948,0.010968,0.010766,0.010702,0.01057,0.010414,0.010448,0.011134,0.010551,0.010388,0.010024,0.0099969,0.010243,0.011437,0.012254,0.011698,0.011813,0.012866,0.01401,0.014664,0.014656,0.014864,0.014737,0.013701,0.014185,0.013415,0.012561,0.013848,0.013759,0.013747,0.014169,0.013559,0.013786,0.013834,0.014046,0.014638,0.014278,0.014566,0.015777,0.016116,0.01631,0.017362,0.019155,0.019743,0.021537,0.024881,0.024629,0.022086,0.021728,0.022362,0.023008,0.022078,0.021536,0.026147,0.03535,0.032926,0.027411,0.033039,0.040662,0.031694,0.021968,0.021224,0.022289,0.027477,0.030692,0.029024,0.025652,0.023189,0.020791,0.022893,0.021463,0.019924,0.017639,0.015441,0.010996,0.0094979,0.0089695,0.010268,0.0091154,0.0079754,0.0065549,0.0042906,0.0036367,0.002216,0.0014326,0.0012417,0.0010463,0.000957,0.00084786,0.00074665,0.00072646,0.00095385,0.00058245,0.00052136,0.00070079,0.00071822,0.0003473,CU018904.251-0.01.EW,CU018904.251-0.01.EW,CU018904.251-0.01.EW
19,10,999,6.9,22,0,159.4,999,999,999,999,0,760,I,Q,B,99,99,-999,0.004365953,2.129166892,-999,0.004379,0.0045735,0.0046287,0.0050613,0.004552,0.0044833,0.004487,0.0045112,0.0044639,0.004548,0.0045626,0.0045303,0.0045175,0.0045254,0.0046484,0.0047113,0.004594,0.0046157,0.0045381,0.0046343,0.0047264,0.0046787,0.0044775,0.0044842,0.0044865,0.004533,0.0044966,0.0045208,0.0045955,0.0046831,0.0047129,0.004689,0.0046208,0.0046534,0.0047032,0.0047513,0.0048148,0.0047218,0.0045554,0.0045975,0.0046277,0.0047863,0.0047598,0.0046353,0.0047452,0.0051833,0.005866,0.0056142,0.0054449,0.0055752,0.005384,0.0056839,0.0062125,0.0065251,0.0067206,0.0062182,0.0069863,0.0082443,0.0083058,0.0098625,0.010274,0.010853,0.011168,0.010181,0.010715,0.01176,0.011891,0.011786,0.0083186,0.0085323,0.01174,0.009807,0.010589,0.011977,0.010725,0.0085366,0.0085527,0.0091144,0.011998,0.012547,0.012157,0.010512,0.0088305,0.007597,0.010823,0.010304,0.0097471,0.010229,0.0093517,0.0076601,0.0075224,0.0061734,0.0055729,0.0057803,0.0069229,0.0083672,0.0072149,0.0044641,0.0030231,0.0034233,0.0036075,0.0031709,0.0028238,0.0024296,0.002584,0.0026071,0.0019289,0.0023796,0.0018361,0.0017488,0.00065981,CUP10301.221-0.01.NS,CUP10301.221-0.01.NS,CUP10301.221-0.01.NS
20,10,999,6.9,22,0,281.1,999,999,999,999,0,760,I,Q,B,99,99,-999,0.003853211,1.99077351,-999,0.0038753,0.0043555,0.0043594,0.0043348,0.0043448,0.0044437,0.0045075,0.0042864,0.0042068,0.0041825,0.004216,0.0042331,0.004172,0.0041506,0.004228,0.0042046,0.0040294,0.0041004,0.0040041,0.0039724,0.0039607,0.0039514,0.0039502,0.0039936,0.0039234,0.003992,0.0039909,0.0039131,0.0040043,0.0039701,0.0039848,0.0040196,0.0041385,0.0040722,0.0043242,0.0046328,0.0046352,0.0045822,0.0043559,0.0042575,0.0043511,0.0044362,0.0048533,0.0047557,0.0048882,0.0052832,0.0051998,0.0050726,0.0052184,0.0053886,0.0054067,0.0056591,0.0059514,0.0059862,0.0059543,0.006786,0.0078114,0.0095756,0.0083632,0.0074096,0.0082116,0.0091061,0.010246,0.010503,0.0080382,0.0077336,0.0085143,0.010207,0.014936,0.015337,0.012966,0.012827,0.013714,0.016575,0.013363,0.011145,0.0084408,0.0091982,0.0074909,0.007406,0.00646,0.007067,0.0081343,0.0093045,0.0088991,0.00902,0.0082055,0.0070508,0.0055098,0.0063076,0.0057979,0.0057465,0.0050699,0.0040522,0.0037788,0.0057995,0.003971,0.0026239,0.0021481,0.0015484,0.0012718,0.0014752,0.0013362,0.0011287,0.001309,0.0010717,0.0013236,0.0011365,0.0015608,0.0011156,0.00039745,CUP10301.221-0.01.EW,CUP10301.221-0.01.EW,CUP10301.221-0.01.EW
21,11,999,6.1,22,0,72.6,999,999,999,999,0,760,I,Q,B,99,99,-999,0.005415902,1.774398013,-999,0.0054327,0.005635,0.0068246,0.0061994,0.0057892,0.00603,0.0061747,0.0069485,0.007126,0.0078596,0.0079563,0.007815,0.0077242,0.0076772,0.0076495,0.0074407,0.0079438,0.0084544,0.0084399,0.0084269,0.0083391,0.008523,0.0083241,0.0083845,0.0081676,0.008845,0.0088655,0.0088572,0.011112,0.012666,0.013034,0.014058,0.015056,0.01586,0.014585,0.013637,0.014058,0.013931,0.015393,0.014558,0.013807,0.012767,0.010311,0.010546,0.010304,0.01113,0.012738,0.014008,0.014427,0.012493,0.010524,0.010553,0.011887,0.013158,0.014308,0.014118,0.011653,0.0099441,0.0098643,0.010914,0.0093307,0.0087984,0.0083338,0.0083125,0.0083506,0.010257,0.0095794,0.0080797,0.0059514,0.0081597,0.0059867,0.0045914,0.0038454,0.0035541,0.0031209,0.0027864,0.0021315,0.0020438,0.0019993,0.0014545,0.0015111,0.001627,0.0015627,0.00098254,0.00093864,0.0009096,0.00084867,0.00083716,0.00081812,0.00078368,0.00077341,0.00086229,0.00091905,0.00090254,0.00078063,0.00076606,0.00069341,0.00068202,0.00055458,0.00046488,0.00035958,0.00032758,0.0002791,0.00027358,0.00027244,0.00019133,0.0001473,0.00012321,0.00012264,0.00010834,0.00011642,CUP19405.231-0.01.NS,CUP19405.231-0.01.NS,CUP19405.231-0.01.NS
22,11,999,6.1,22,0,101.8,999,999,999,999,0,760,I,Q,B,99,99,-999,0.00480632,2.727971661,-999,0.0048302,0.0054977,0.0067306,0.0068153,0.0067898,0.0067369,0.0065086,0.0061468,0.0061604,0.0059009,0.0058356,0.0058735,0.0059263,0.0059833,0.0060843,0.0062842,0.0063583,0.0060941,0.0060726,0.006046,0.0059236,0.0058902,0.0060351,0.0067047,0.0073317,0.0080482,0.0073457,0.010013,0.011947,0.012906,0.013379,0.01522,0.012759,0.015649,0.016602,0.018028,0.020008,0.018179,0.014443,0.014709,0.013551,0.01414,0.014836,0.015393,0.016316,0.015934,0.016079,0.017494,0.017869,0.021579,0.019396,0.013754,0.0095843,0.0082375,0.0086312,0.008162,0.0079144,0.010845,0.01156,0.0095366,0.0079158,0.0069266,0.0069198,0.0062324,0.0054032,0.0055623,0.0055483,0.0056227,0.0043273,0.003817,0.0039351,0.0055525,0.005065,0.0039407,0.0031423,0.002947,0.0025669,0.001969,0.001964,0.0014896,0.0011433,0.0012254,0.0010356,0.00085728,0.00064823,0.00072561,0.00089767,0.00097352,0.00091564,0.00092435,0.00081567,0.00079401,0.00064232,0.00044986,0.00042067,0.00037978,0.00040592,0.00034389,0.0002648,0.00021341,0.00021249,0.00021031,0.00018555,0.000161,0.00017607,0.00018189,0.00017756,0.00018936,0.00016605,0.00014048,0.00011313,CUP19405.231-0.01.EW,CUP19405.231-0.01.EW,CUP19405.231-0.01.EW
23,12,999,6.6,22,0,96.7,999,999,999,999,0,760,I,Q,B,99,99,-999,0.005974516,0.940683274,-999,0.0059814,0.0061773,0.0062505,0.0063224,0.0069325,0.0067623,0.0066965,0.0064758,0.0063358,0.0062134,0.0061478,0.0062001,0.0063653,0.006511,0.0066067,0.006617,0.0062217,0.0062211,0.0065929,0.006715,0.0067572,0.0068443,0.0068894,0.0071739,0.0072461,0.0075754,0.0082451,0.0090462,0.0083949,0.0097513,0.0098823,0.0098471,0.0083463,0.0081215,0.0087372,0.0095857,0.0087361,0.0083003,0.012359,0.013727,0.013618,0.013333,0.013261,0.012067,0.010946,0.010469,0.0090551,0.008554,0.0087342,0.0082231,0.0090544,0.0099437,0.01085,0.011062,0.012128,0.01438,0.014531,0.012435,0.010851,0.014641,0.014203,0.013691,0.012522,0.0091486,0.0096634,0.0091966,0.0082344,0.0084973,0.010595,0.0089681,0.0092321,0.0085004,0.0083685,0.010794,0.0091266,0.0091174,0.0099677,0.010189,0.010132,0.0072406,0.0073666,0.0056432,0.0035585,0.0036606,0.0026194,0.0021703,0.0020728,0.0019007,0.0015939,0.0014766,0.0015276,0.0014525,0.00096588,0.00076206,0.00067966,0.00062489,0.00065031,0.00038098,0.0003142,0.00030789,0.00035948,0.00050143,0.00052276,0.00034662,0.00027346,0.0001985,0.00016076,0.00013829,0.00012412,0.00011533,7.13E-05,CUP19412.101-0.01.NS,CUP19412.101-0.01.NS,CUP19412.101-0.01.NS
24,12,999,6.6,22,0,115.1,999,999,999,999,0,760,I,Q,B,99,99,-999,0.005958206,0.867167897,-999,0.005977,0.0060642,0.0062674,0.0060115,0.0060093,0.0061242,0.0061883,0.0063613,0.0062423,0.0062065,0.0062092,0.0061136,0.0061123,0.0061851,0.0062919,0.0062859,0.0061722,0.00604,0.0061835,0.0062105,0.0062643,0.0061753,0.0061061,0.0062362,0.0062836,0.006429,0.0065626,0.006937,0.0074706,0.0087977,0.0096831,0.011223,0.01085,0.010935,0.011163,0.012002,0.013884,0.013548,0.0090449,0.012548,0.012361,0.012576,0.017797,0.018881,0.017624,0.014248,0.011637,0.011606,0.011701,0.01166,0.012639,0.012927,0.011213,0.010466,0.010732,0.012579,0.012071,0.012725,0.013605,0.01474,0.014246,0.012687,0.011244,0.012313,0.011738,0.013064,0.014445,0.012288,0.01265,0.0094395,0.0073931,0.0088999,0.0099045,0.010443,0.010039,0.010373,0.010339,0.01011,0.006951,0.0044119,0.0045596,0.0047583,0.0048688,0.0060186,0.0036335,0.0028336,0.0026939,0.0023881,0.0018956,0.0014244,0.0011637,0.0009536,0.00072626,0.0006685,0.0006633,0.00069624,0.00064175,0.00053328,0.00040935,0.00033523,0.00028443,0.00024465,0.00022135,0.00020975,0.00019314,0.00016638,0.00014771,0.00013471,0.00012579,0.00012449,0.0001146,CUP19412.101-0.01.EW,CUP19412.101-0.01.EW,CUP19412.101-0.01.EW
25,13,999,6.2,22,0,90.9,999,999,999,999,0,760,I,Q,B,99,99,-999,0.01377472,4.152426031,-999,0.013804,0.014309,0.013841,0.01417,0.013802,0.013771,0.013815,0.013924,0.013888,0.013733,0.013791,0.013814,0.013785,0.013742,0.013773,0.013888,0.013975,0.013693,0.013831,0.013841,0.013858,0.014005,0.014318,0.014613,0.014245,0.013829,0.013853,0.014205,0.014578,0.01438,0.014051,0.014588,0.01635,0.017765,0.01734,0.01539,0.016549,0.015278,0.017849,0.01906,0.019858,0.020873,0.020778,0.023008,0.024466,0.020137,0.020735,0.022693,0.023425,0.022035,0.022773,0.023944,0.023333,0.021859,0.020153,0.024125,0.027792,0.022322,0.018522,0.019956,0.020478,0.021217,0.022699,0.023945,0.024141,0.02507,0.024886,0.026786,0.021617,0.021472,0.019169,0.017812,0.02004,0.024302,0.024998,0.019721,0.021048,0.022701,0.027751,0.029693,0.029785,0.030889,0.033889,0.03325,0.028509,0.023468,0.021391,0.018413,0.014908,0.013089,0.010438,0.0090695,0.0082168,0.006669,0.00591,0.0037415,0.0030095,0.0039488,0.0031581,0.0024575,0.0024562,0.0021495,0.0019077,0.0016485,0.0013818,0.0010028,0.00081727,0.00068364,0.00067459,0.00068811,0.00056681,CUP19509.141-0.01.NS,CUP19509.141-0.01.NS,CUP19509.141-0.01.NS
26,13,999,6.2,22,0,93.5,999,999,999,999,0,760,I,Q,B,99,99,-999,0.008365953,2.432067497,-999,0.0083793,0.0084918,0.0084944,0.0086513,0.0086055,0.0086748,0.0084158,0.008747,0.0086975,0.0088064,0.0089438,0.0089989,0.0090737,0.0090845,0.0088945,0.0086945,0.008663,0.0086092,0.0086013,0.0086116,0.0087268,0.0087541,0.0085866,0.0085844,0.0089462,0.0090782,0.008794,0.010326,0.010358,0.011377,0.010969,0.01067,0.012844,0.012621,0.011949,0.011494,0.012428,0.012517,0.014144,0.014785,0.016115,0.015506,0.012357,0.014803,0.016829,0.01506,0.016248,0.01759,0.017638,0.015612,0.01668,0.016504,0.013549,0.01404,0.014298,0.01672,0.017998,0.016155,0.016715,0.015248,0.015062,0.016513,0.017134,0.017588,0.019998,0.018139,0.019254,0.018131,0.020362,0.024066,0.022127,0.027467,0.028138,0.028539,0.021604,0.015564,0.017029,0.017846,0.016066,0.011624,0.0094523,0.0093456,0.012513,0.015589,0.014402,0.011828,0.010606,0.0097321,0.0076405,0.0069955,0.0057836,0.0056899,0.0050958,0.004276,0.0043715,0.0037863,0.0031674,0.0029838,0.003165,0.0024763,0.0022511,0.0020952,0.0016094,0.0014355,0.0011371,0.00077907,0.0006916,0.00047948,0.00045292,0.00044375,0.00042362,CUP19509.141-0.01.EW,CUP19509.141-0.01.EW,CUP19509.141-0.01.EW
27,14,999,6.6,22,0,123.1,999,999,999,999,0,760,I,Q,B,99,99,-999,0.005544343,0.797358739,-999,0.0056059,0.0059351,0.0069307,0.0064261,0.0057104,0.0062891,0.0061228,0.0062082,0.0062502,0.0064386,0.0063774,0.0060828,0.0061994,0.0064158,0.0059677,0.0054932,0.0055019,0.0059341,0.0060891,0.0060872,0.0057054,0.0056948,0.0058415,0.0055085,0.0057492,0.0061686,0.0058453,0.0057966,0.0070604,0.0064738,0.0058632,0.0068398,0.0072578,0.007088,0.0079623,0.0079602,0.0085512,0.0082324,0.0084628,0.0083248,0.0075844,0.0081548,0.0092112,0.0091816,0.0097144,0.0092143,0.0078293,0.007961,0.0081097,0.0073633,0.0079447,0.0086752,0.009105,0.0088965,0.0087388,0.008561,0.0084787,0.0075999,0.0069419,0.0068178,0.0074505,0.007959,0.0088085,0.0083764,0.0084544,0.0077218,0.0067519,0.0089245,0.0097105,0.010467,0.0077298,0.0066167,0.0089822,0.0089347,0.0082566,0.0069737,0.0059563,0.0063118,0.006952,0.0052509,0.005626,0.0057488,0.0027461,0.0027224,0.0027108,0.0025935,0.0029261,0.0032281,0.0021487,0.0014342,0.0012162,0.0013878,0.0015447,0.0012334,0.0010393,0.0009882,0.0012549,0.00063569,0.00042691,0.00035468,0.00039077,0.00053262,0.000696,0.00063207,0.00043765,0.00028193,0.00022164,0.00019232,0.00019555,0.00021554,0.00021819,CUP29005.311-0.01.NS,CUP29005.311-0.01.NS,CUP29005.311-0.01.NS
28,14,999,6.6,22,0,125.5,999,999,999,999,0,760,I,Q,B,99,99,-999,0.003235474,0.445321932,-999,0.003294,0.0046717,0.0043922,0.0053447,0.0048543,0.0044295,0.0048892,0.004736,0.0044684,0.0047827,0.0051143,0.0047355,0.0050568,0.0051191,0.0050323,0.0044186,0.0044255,0.0042341,0.0043793,0.0043966,0.0043258,0.0039878,0.0039278,0.0044162,0.0046529,0.0050521,0.0051679,0.0056267,0.0051661,0.0066151,0.0070446,0.0068595,0.0061971,0.0065649,0.0062194,0.0074894,0.0084097,0.010618,0.01121,0.014275,0.013486,0.011416,0.0099491,0.0081085,0.0067559,0.0067365,0.0073206,0.0074703,0.0077739,0.0065534,0.005334,0.0054685,0.006265,0.0061771,0.0067244,0.0073054,0.0076884,0.0089909,0.0084615,0.0063384,0.0063962,0.0065485,0.0069792,0.0073382,0.0059274,0.0054696,0.005213,0.0049205,0.0035197,0.0029403,0.0042685,0.0035219,0.0035318,0.0040094,0.0031183,0.0029152,0.0023595,0.0021001,0.0016151,0.0017544,0.0019847,0.0018591,0.0018813,0.002166,0.0018887,0.0019214,0.0021154,0.0020355,0.0014719,0.0013458,0.0015408,0.0017445,0.0013557,0.00094885,0.00074295,0.00061087,0.00089079,0.00053386,0.00042342,0.00040237,0.00043991,0.00053329,0.00060054,0.00033446,0.00023916,0.00016773,0.00013949,0.00013294,0.00014116,0.00016779,0.00015395,CUP29005.311-0.01.EW,CUP29005.311-0.01.EW,CUP29005.311-0.01.EW
29,15,999,7.3,22,0,172.2,999,999,999,999,0,760,I,Q,B,99,99,-999,0.004245668,1.776116392,-999,0.0042484,0.0042565,0.0042581,0.0042806,0.0042702,0.0042723,0.0043063,0.0043289,0.0043294,0.0043193,0.0043124,0.0043126,0.0043204,0.0043247,0.0043334,0.0043475,0.0043507,0.0043698,0.0043409,0.0043432,0.0043735,0.00447,0.0045302,0.0046648,0.0049571,0.0051951,0.0052608,0.0055728,0.0057056,0.006259,0.0064763,0.0070989,0.0078398,0.0073383,0.0060093,0.0064002,0.0078146,0.0081416,0.0081067,0.0072653,0.0076294,0.0086557,0.0076682,0.0069465,0.0068785,0.0081203,0.0075385,0.0073848,0.0071842,0.0070519,0.0077375,0.0077218,0.0079566,0.0077347,0.0084132,0.0082611,0.0092592,0.0084354,0.0096775,0.011437,0.011869,0.011406,0.0086387,0.0097645,0.010519,0.0088121,0.0089394,0.0096012,0.0084015,0.010391,0.0097191,0.0089653,0.0084186,0.0089147,0.0081048,0.0079456,0.0088246,0.0097885,0.010524,0.0072355,0.0066564,0.0062542,0.0061024,0.0064873,0.0076277,0.010021,0.010149,0.0092961,0.0089216,0.0085778,0.0078967,0.0071007,0.0065767,0.0062942,0.0060517,0.0052155,0.0039311,0.0025444,0.0018099,0.0013822,0.0010496,0.00095355,0.00075054,0.00065268,0.00071186,0.00060027,0.00042051,0.0003661,0.00030452,0.00029162,0.00018998,CUP49701.111-0.01.NS,CUP49701.111-0.01.NS,CUP49701.111-0.01.NS
30,15,999,7.3,22,0,168,999,999,999,999,0,760,I,Q,B,99,99,-999,0.006007136,2.575675955,-999,0.0060107,0.0060604,0.0060201,0.0060515,0.0060086,0.0060138,0.006008,0.0060043,0.0060121,0.0060318,0.0060483,0.0060676,0.0060605,0.0060501,0.0060372,0.0060291,0.0060457,0.0061028,0.006184,0.0062141,0.006283,0.0062668,0.0062398,0.0064803,0.0065105,0.0063007,0.0063105,0.0066807,0.006799,0.0073284,0.0074757,0.0073094,0.0079025,0.0088058,0.0089217,0.0090965,0.0094835,0.010094,0.009881,0.0088064,0.0088531,0.0084676,0.0084842,0.0081759,0.0092308,0.01049,0.0093546,0.0097414,0.010771,0.010711,0.0092358,0.010475,0.01079,0.010933,0.011108,0.011122,0.011414,0.016612,0.015147,0.0099269,0.0098717,0.0088579,0.011317,0.012272,0.011033,0.01102,0.011959,0.011739,0.0123,0.011655,0.012959,0.009988,0.011231,0.0097659,0.010246,0.010326,0.0091219,0.0079149,0.0085907,0.0085008,0.0088294,0.0090997,0.0091222,0.0088304,0.0090821,0.0092313,0.0090278,0.0086973,0.0079387,0.0075446,0.0074547,0.0072945,0.0070582,0.0066574,0.0062686,0.0053855,0.004283,0.0034524,0.0025815,0.0018887,0.0014904,0.0013975,0.0011966,0.00098093,0.00077384,0.00075247,0.00059196,0.00043241,0.00039325,0.00036807,0.00018616,CUP49701.111-0.01.EW,CUP49701.111-0.01.EW,CUP49701.111-0.01.EW
31,16,999,6.6,22,0,177.4,999,999,999,999,0,760,I,Q,B,99,99,-999,0.013341488,0.882518705,-999,0.013387,0.013406,0.013403,0.013413,0.013439,0.013438,0.013459,0.013474,0.013488,0.013484,0.013491,0.013495,0.013507,0.013528,0.013572,0.013515,0.01342,0.013618,0.013628,0.0135,0.013276,0.013508,0.013602,0.013844,0.014494,0.015711,0.015531,0.016073,0.018162,0.020769,0.020302,0.020162,0.01855,0.019306,0.020726,0.02364,0.024853,0.02425,0.033591,0.035183,0.033883,0.030446,0.021889,0.019332,0.018034,0.018398,0.019449,0.020788,0.022086,0.024546,0.027635,0.030796,0.032354,0.032639,0.032646,0.031914,0.032664,0.029916,0.020747,0.016253,0.014943,0.013265,0.011818,0.010162,0.0088851,0.0085344,0.0084329,0.0091785,0.0070359,0.007231,0.006421,0.0061097,0.0076513,0.0079207,0.006761,0.0050718,0.003844,0.0033809,0.0029209,0.0028186,0.0025608,0.0025099,0.0022671,0.0022223,0.0022634,0.0019626,0.0015897,0.001304,0.0012388,0.0010538,0.00084706,0.00083757,0.00087563,0.0008614,0.00081965,0.00071252,0.00060977,0.00052693,0.00033378,0.00032052,0.00023461,0.00022976,0.00019505,0.00018162,0.00017738,0.00011948,0.00010044,0.00011317,8.53E-05,7.27E-05,5.32E-05,CUP50007.211-0.004.NS,CUP50007.211-0.004.NS,CUP50007.211-0.004.NS
32,16,999,6.6,22,0,129.6,999,999,999,999,0,760,I,Q,B,99,99,-999,0.012726809,0.730427634,-999,0.012746,0.0128,0.012862,0.012916,0.012963,0.012991,0.013022,0.013098,0.013119,0.013158,0.013183,0.013165,0.013153,0.013164,0.013253,0.013543,0.013982,0.014828,0.015474,0.015353,0.014504,0.015019,0.016085,0.015599,0.016923,0.017807,0.01827,0.022491,0.019926,0.021342,0.022186,0.026079,0.028747,0.023272,0.023545,0.02659,0.032622,0.039108,0.045186,0.058168,0.062595,0.054777,0.033327,0.029788,0.027991,0.026155,0.025989,0.025902,0.025749,0.024719,0.024965,0.023955,0.021537,0.021967,0.020933,0.016984,0.019915,0.017182,0.012989,0.011778,0.011005,0.009908,0.010354,0.01028,0.010846,0.01159,0.012145,0.011602,0.012095,0.0085335,0.008657,0.0073765,0.0075362,0.0082113,0.0064835,0.0052694,0.0038075,0.0033155,0.0027083,0.0022584,0.0018577,0.0015662,0.0012002,0.0011892,0.0013879,0.0013832,0.0012497,0.0010585,0.00096695,0.0010025,0.00087256,0.00071715,0.00064683,0.00062987,0.00051826,0.00044657,0.00032869,0.00030941,0.00024182,0.00017543,0.0001255,0.00012756,0.00015537,0.00012205,0.00011029,0.00014188,0.0001102,8.31E-05,7.94E-05,6.96E-05,3.56E-05,CUP50007.211-0.004.EW,CUP50007.211-0.004.EW,CUP50007.211-0.004.EW
33,17,999,7.1,22,0,143.7,999,999,999,999,0,760,I,Q,B,99,99,-999,0.005481142,0.693575321,-999,0.005485,0.0054975,0.0055004,0.0055047,0.0055147,0.0055137,0.0055181,0.0055336,0.0055377,0.0055489,0.0055561,0.0055598,0.0055651,0.0055739,0.0055913,0.0055956,0.005604,0.0055881,0.005669,0.0056629,0.0056479,0.0058405,0.0060457,0.005976,0.0058857,0.0059732,0.0061911,0.0068897,0.0067357,0.007129,0.0067026,0.0061947,0.0066679,0.0072764,0.0078969,0.0093204,0.0091133,0.0096306,0.0097049,0.0096368,0.011046,0.010316,0.00788,0.0081148,0.0085718,0.0071581,0.008126,0.0086856,0.0084222,0.0073634,0.0087111,0.010194,0.010557,0.011639,0.012875,0.013655,0.012745,0.012598,0.010384,0.011634,0.010862,0.011062,0.011648,0.010674,0.0078014,0.0076655,0.006565,0.0073253,0.0076985,0.0094502,0.0071309,0.0096239,0.0090369,0.010481,0.0083743,0.0086783,0.0093572,0.0087324,0.006418,0.0033224,0.0030298,0.0029564,0.0024421,0.0024735,0.0019486,0.0016162,0.001679,0.0016186,0.0014156,0.0013006,0.0010474,0.00087277,0.00070454,0.00062917,0.00052742,0.00050663,0.00055784,0.000427,0.00029141,0.00024094,0.00019787,0.00018412,0.00016392,0.00014857,0.00013292,0.00011851,8.79E-05,6.43E-05,6.99E-05,6.26E-05,3.41E-05,CUP50704.131-0.01.NS,CUP50704.131-0.01.NS,CUP50704.131-0.01.NS
34,17,999,7.1,22,0,163.4,999,999,999,999,0,760,I,Q,B,99,99,-999,0.004721713,0.634836553,-999,0.0047284,0.0047486,0.004755,0.0047617,0.0047718,0.0047792,0.0047956,0.0048093,0.0048184,0.0048221,0.0048273,0.0048513,0.0048658,0.0048756,0.0048872,0.0048892,0.0049382,0.0050378,0.0050437,0.0050971,0.0052822,0.0053619,0.0054057,0.0055773,0.0055167,0.0058,0.0059314,0.0069159,0.0081293,0.0093152,0.0096716,0.009553,0.0095394,0.010296,0.011671,0.011636,0.013007,0.014914,0.01137,0.010016,0.0096348,0.0082601,0.009084,0.0094205,0.010324,0.0094093,0.0098682,0.0093963,0.0085137,0.0089108,0.0089546,0.011532,0.01316,0.01352,0.013465,0.011674,0.010241,0.0081501,0.0098552,0.011093,0.010955,0.01154,0.0085308,0.0081301,0.0079479,0.0071289,0.0081412,0.0085007,0.0093462,0.0098826,0.0094863,0.0094355,0.0082425,0.0074525,0.0083475,0.0083504,0.0072126,0.0056712,0.0043126,0.0034166,0.002989,0.0027988,0.0022501,0.0017901,0.0014935,0.0015065,0.0015222,0.0014101,0.0014334,0.0016493,0.0017345,0.0015225,0.0012884,0.0011866,0.0010688,0.00081813,0.00049928,0.00039242,0.00031679,0.00026321,0.00019076,0.00014773,0.00012766,0.00011709,0.00010971,8.73E-05,8.63E-05,6.93E-05,4.96E-05,5.15E-05,3.73E-05,CUP50704.131-0.01.EW,CUP50704.131-0.01.EW,CUP50704.131-0.01.EW
35,18,999,6.9,22,0,130,999,999,999,999,0,760,I,Q,B,99,99,-999,0.022390418,1.310367943,-999,0.022426,0.022532,0.022566,0.022592,0.022673,0.022703,0.022779,0.022807,0.022851,0.022919,0.022841,0.02292,0.023,0.023068,0.023226,0.023419,0.023919,0.023385,0.023874,0.023807,0.024228,0.025157,0.025935,0.027869,0.029867,0.033723,0.034243,0.039649,0.032522,0.032054,0.033489,0.034712,0.043807,0.059598,0.077295,0.081803,0.096144,0.093865,0.082518,0.083494,0.079792,0.075768,0.068104,0.060565,0.051333,0.042083,0.030003,0.028176,0.026739,0.025581,0.023561,0.019465,0.019819,0.019921,0.019573,0.018873,0.020166,0.02181,0.019872,0.021067,0.018805,0.018483,0.020642,0.015598,0.018824,0.016532,0.013606,0.013069,0.013164,0.0096365,0.0085008,0.010197,0.011451,0.010293,0.010535,0.0099348,0.0093539,0.0087038,0.0069727,0.005746,0.005421,0.0046944,0.0043462,0.0039824,0.0034824,0.0027585,0.0029847,0.0028979,0.0029039,0.0027215,0.0021438,0.0018297,0.0020209,0.0022304,0.0019988,0.001818,0.0018765,0.0015953,0.0012555,0.0012241,0.00099296,0.00088041,0.00060656,0.0005624,0.00045728,0.00031664,0.00027643,0.00029851,0.00026881,0.0001881,0.00013453,CUP51112.111-0.01.NS,CUP51112.111-0.01.NS,CUP51112.111-0.01.NS
36,18,999,6.9,22,0,130.1,999,999,999,999,0,760,I,Q,B,99,99,-999,0.016232416,1.362569574,-999,0.016271,0.016389,0.016423,0.016511,0.016619,0.016647,0.016661,0.016723,0.016765,0.016883,0.017028,0.017218,0.017255,0.017246,0.01727,0.017694,0.018419,0.019685,0.020793,0.020421,0.019493,0.020342,0.020483,0.020763,0.02302,0.023887,0.027022,0.030521,0.039888,0.049737,0.052563,0.057783,0.051071,0.04513,0.045694,0.049913,0.057026,0.061157,0.049204,0.045088,0.045878,0.044603,0.043921,0.044183,0.040258,0.036216,0.03939,0.037326,0.039359,0.035059,0.023441,0.02125,0.018249,0.016527,0.016239,0.015685,0.017622,0.018208,0.017377,0.017541,0.01909,0.022732,0.018092,0.017588,0.015599,0.012405,0.0096231,0.0093314,0.011491,0.0086094,0.010947,0.011779,0.010913,0.010617,0.010179,0.0093934,0.0084376,0.0073979,0.0065904,0.0057488,0.0052775,0.004704,0.0042144,0.0038178,0.0030211,0.0026762,0.0024321,0.0023465,0.0023986,0.0023932,0.0024751,0.0026147,0.0025137,0.0023492,0.0021596,0.0019625,0.0019798,0.0014041,0.0010294,0.00096462,0.00080358,0.00056945,0.00043963,0.00038281,0.00030589,0.0002459,0.00020113,0.00024562,0.00017871,0.00015075,0.00010053,CUP51112.111-0.01.EW,CUP51112.111-0.01.EW,CUP51112.111-0.01.EW
37,19,999,7.4,22,0,178.1,999,999,999,999,0,760,I,Q,B,99,99,-999,0.01214475,3.763619208,-999,0.012151,0.012172,0.01218,0.012192,0.012199,0.0122,0.012219,0.012231,0.012243,0.012297,0.012267,0.012243,0.012204,0.012195,0.012274,0.01231,0.012329,0.012412,0.012272,0.012245,0.012323,0.012546,0.012709,0.012691,0.012881,0.01312,0.013336,0.013356,0.013445,0.013592,0.014353,0.015358,0.016067,0.015964,0.017663,0.020488,0.021318,0.021786,0.021337,0.025076,0.023655,0.020136,0.019914,0.019015,0.017597,0.022227,0.029638,0.031998,0.031782,0.028737,0.025691,0.022588,0.021776,0.021608,0.021677,0.02255,0.023109,0.021705,0.017316,0.015533,0.016165,0.017502,0.019279,0.021908,0.024442,0.026828,0.02411,0.023588,0.02538,0.025899,0.026038,0.02875,0.031281,0.035509,0.050086,0.051918,0.040585,0.028903,0.021774,0.020581,0.020712,0.024215,0.028324,0.028034,0.026865,0.023095,0.021412,0.020121,0.016155,0.012516,0.011066,0.0092108,0.0080251,0.006854,0.0060312,0.004773,0.0042426,0.0037821,0.0045558,0.0047117,0.0045008,0.0036031,0.0030936,0.0026017,0.0022977,0.0019636,0.0017412,0.0014795,0.001357,0.001455,0.0012951,CUP51203.201-0.01.NS,CUP51203.201-0.01.NS,CUP51203.201-0.01.NS
38,19,999,7.4,22,0,203.2,999,999,999,999,0,760,I,Q,B,99,99,-999,0.014243629,3.400262263,-999,0.014248,0.014261,0.014263,0.014259,0.014298,0.014299,0.01429,0.014291,0.014284,0.01426,0.014281,0.014285,0.014323,0.014353,0.014388,0.014399,0.014469,0.014349,0.014422,0.014509,0.014521,0.014537,0.014738,0.014733,0.0149,0.014952,0.014625,0.015213,0.015479,0.014957,0.015335,0.016009,0.014453,0.017011,0.018774,0.017627,0.01626,0.015994,0.017957,0.01679,0.016574,0.017337,0.016204,0.017171,0.015935,0.016372,0.016672,0.016436,0.01709,0.017571,0.017074,0.018068,0.019834,0.020176,0.019679,0.019248,0.021141,0.021971,0.021755,0.027256,0.028962,0.029246,0.024067,0.029151,0.030917,0.031972,0.029874,0.033741,0.028419,0.027965,0.024117,0.028099,0.029218,0.023045,0.021404,0.020798,0.021369,0.020648,0.017108,0.013272,0.014123,0.015581,0.019073,0.022549,0.020748,0.016933,0.01499,0.012638,0.0099704,0.0083711,0.0077554,0.0067586,0.00682,0.0068789,0.0064762,0.0070994,0.0076812,0.005336,0.004487,0.0033049,0.0026711,0.0024612,0.0025808,0.0025167,0.0021729,0.001556,0.0012389,0.0012478,0.0011994,0.0011037,0.00070303,CUP51203.201-0.01.EW,CUP51203.201-0.01.EW,CUP51203.201-0.01.EW
39,20,999,5.9,22,0,191.6,999,999,999,999,0,760,I,Q,B,99,99,-999,0.00395209,0.507847341,-999,0.0039619,0.0039931,0.0040019,0.0040244,0.0040331,0.0040375,0.0040477,0.0040974,0.0041076,0.0041225,0.0041481,0.0041915,0.0042199,0.0042522,0.0043163,0.0043861,0.0046405,0.0046719,0.004766,0.0049143,0.0051039,0.0053031,0.0055927,0.0060593,0.0067777,0.0078576,0.0081545,0.0089018,0.0088442,0.009329,0.009582,0.0088923,0.010228,0.010216,0.011323,0.012086,0.0097254,0.011142,0.013278,0.011407,0.01167,0.01161,0.012122,0.011354,0.011009,0.012125,0.010967,0.009993,0.0094754,0.0084738,0.0077277,0.0072688,0.0070496,0.0072938,0.0081151,0.008621,0.0084055,0.0074813,0.0073372,0.0088429,0.0082443,0.0063684,0.0058918,0.0057118,0.0052131,0.0060702,0.0067517,0.0063158,0.0059437,0.0056028,0.0050527,0.0044247,0.0033088,0.002576,0.0021902,0.002533,0.0024802,0.0019497,0.0020066,0.0022139,0.0018927,0.0019456,0.0021976,0.0018815,0.0017234,0.0018151,0.0020011,0.0018253,0.0014732,0.0012258,0.0010174,0.00092278,0.00083099,0.0007179,0.00081074,0.00094197,0.00089391,0.00058594,0.00047057,0.00036269,0.00031674,0.00026529,0.00024262,0.00021368,0.00016379,0.00011492,9.88E-05,8.05E-05,5.67E-05,5.33E-05,3.03E-05,CUP51211.151-0.01.NS,CUP51211.151-0.01.NS,CUP51211.151-0.01.NS
40,20,999,5.9,22,0,215.8,999,999,999,999,0,760,I,Q,B,99,99,-999,0.005174312,0.368808476,-999,0.0051883,0.0052307,0.0052432,0.0052569,0.0052969,0.0053083,0.0053266,0.0053534,0.0053604,0.0053716,0.0053984,0.0054517,0.0054831,0.005513,0.0055396,0.0055317,0.0056793,0.0058939,0.0058706,0.0060543,0.0060845,0.0062584,0.0065622,0.0064364,0.0063193,0.0067521,0.0090164,0.01026,0.011897,0.01446,0.01506,0.012927,0.013008,0.012704,0.014416,0.019636,0.018687,0.015634,0.015725,0.013884,0.014569,0.013498,0.013416,0.0124,0.011648,0.012584,0.011075,0.010198,0.010205,0.011008,0.0093338,0.0084969,0.011943,0.012799,0.012738,0.011528,0.01028,0.0076465,0.0086001,0.0067756,0.0055524,0.0041876,0.0038571,0.0043421,0.0042333,0.0048452,0.0061695,0.0075947,0.0067249,0.0046471,0.0042358,0.0045583,0.0035673,0.0032729,0.0030817,0.002487,0.0017479,0.0017754,0.0014097,0.0016307,0.001687,0.0013692,0.0011486,0.001324,0.0012348,0.0010389,0.0010412,0.0010772,0.0012249,0.0013607,0.0012382,0.0011934,0.0011987,0.00095287,0.00075761,0.0004809,0.00047069,0.00042683,0.00035019,0.00031184,0.00026775,0.00022049,0.00019125,0.00014785,0.00013204,9.40E-05,6.35E-05,4.72E-05,5.72E-05,5.45E-05,3.77E-05,CUP51211.151-0.01.EW,CUP51211.151-0.01.EW,CUP51211.151-0.01.EW
41,21,999,7.5,22,0,200.8,999,999,999,999,0,760,I,Q,B,99,99,-999,0.021746177,2.715577558,-999,0.021773,0.021858,0.021887,0.021924,0.021997,0.022012,0.022057,0.022112,0.02213,0.022202,0.022293,0.022379,0.022407,0.022413,0.022409,0.022471,0.022688,0.023128,0.023421,0.023151,0.022644,0.022622,0.022666,0.023399,0.023849,0.023952,0.024701,0.026033,0.030301,0.034086,0.034554,0.036238,0.039276,0.040445,0.048031,0.054844,0.066156,0.076693,0.053679,0.047753,0.051279,0.045384,0.041084,0.040993,0.041639,0.041263,0.039512,0.039935,0.040549,0.040754,0.039116,0.039252,0.04041,0.040941,0.041485,0.041967,0.041944,0.040658,0.041251,0.039757,0.038573,0.038364,0.039999,0.033691,0.030196,0.028638,0.027954,0.025715,0.022767,0.01895,0.016628,0.014998,0.013767,0.011943,0.010037,0.0086171,0.0082382,0.0071449,0.0079214,0.0058539,0.0048963,0.0047142,0.0036531,0.0041443,0.0039019,0.0029571,0.0026366,0.0025093,0.0023069,0.0017708,0.0017677,0.001586,0.0013134,0.0013325,0.0014724,0.00095092,0.00082617,0.00073331,0.00059178,0.00051172,0.00050683,0.0004428,0.0004127,0.00033527,0.0002568,0.00019557,0.0001937,0.00015143,0.00014958,0.00017487,0.00014081,CUP51306.161-0.01.NS,CUP51306.161-0.01.NS,CUP51306.161-0.01.NS
42,21,999,7.5,22,0,239,999,999,999,999,0,760,I,Q,B,99,99,-999,0.017775739,1.537423596,-999,0.017808,0.017902,0.017937,0.01797,0.018096,0.018126,0.018175,0.018215,0.018218,0.018336,0.018413,0.018477,0.018545,0.01857,0.01857,0.018724,0.018821,0.01935,0.020374,0.019944,0.019663,0.02089,0.022162,0.022547,0.021186,0.020175,0.021779,0.024299,0.031337,0.036818,0.038263,0.047081,0.060638,0.046201,0.038411,0.043001,0.047868,0.053217,0.058683,0.059781,0.054927,0.043694,0.030499,0.026655,0.025656,0.026392,0.024466,0.023348,0.022748,0.022043,0.023114,0.024035,0.026367,0.029135,0.030892,0.032111,0.035304,0.034186,0.026396,0.027325,0.026344,0.030386,0.023964,0.029843,0.038903,0.0327,0.030043,0.031476,0.033331,0.02261,0.015597,0.012158,0.011542,0.011176,0.0095183,0.0090454,0.0080213,0.0066266,0.0051011,0.0044063,0.0036356,0.0030011,0.0021779,0.0018213,0.0013223,0.0013104,0.0011074,0.0011869,0.00097321,0.0010289,0.0010677,0.0010276,0.00078875,0.00079785,0.00070631,0.00062184,0.00050248,0.00052836,0.00036317,0.00028811,0.0002716,0.00033428,0.00031945,0.00023806,0.00020112,0.00023219,0.00017872,0.00014837,0.00017024,0.00017056,9.47E-05,CUP51306.161-0.01.EW,CUP51306.161-0.01.EW,CUP51306.161-0.01.EW
43,22,999,6,22,0,205.5,999,999,999,999,0,760,I,Q,B,99,99,-999,0.012834862,2.599410713,-999,0.012841,0.012861,0.012864,0.012888,0.012914,0.012919,0.012917,0.012913,0.01291,0.012934,0.012946,0.01296,0.012982,0.012993,0.012993,0.013048,0.013059,0.013182,0.013357,0.013359,0.013354,0.013506,0.013365,0.013612,0.01394,0.014096,0.013851,0.0152,0.016189,0.017508,0.018529,0.017002,0.016435,0.016851,0.02021,0.020614,0.022721,0.024074,0.028209,0.025835,0.023819,0.022056,0.021408,0.021091,0.023057,0.022829,0.027707,0.026452,0.024704,0.024459,0.023334,0.023499,0.026546,0.026856,0.029633,0.034972,0.036046,0.033397,0.035778,0.034035,0.032628,0.029696,0.027834,0.030093,0.030337,0.028405,0.02652,0.033509,0.027241,0.029659,0.027835,0.026912,0.026883,0.029139,0.024668,0.027203,0.02486,0.022023,0.021121,0.015481,0.016678,0.015547,0.012407,0.010329,0.011495,0.010534,0.0089591,0.0076268,0.0064796,0.0063696,0.0051187,0.0037835,0.0034512,0.0031371,0.0033779,0.002734,0.0028397,0.0032084,0.0030456,0.0023532,0.0018318,0.0014221,0.0012141,0.001234,0.0010207,0.001015,0.0012001,0.00094352,0.00093744,0.00085254,0.00042689,CUP51404.181-0.01.NS,CUP51404.181-0.01.NS,CUP51404.181-0.01.NS
44,22,999,6,22,0,207.3,999,999,999,999,0,760,I,Q,B,99,99,-999,0.015151886,1.902135952,-999,0.015165,0.015205,0.015217,0.015235,0.01527,0.015279,0.015301,0.015328,0.015339,0.015334,0.015418,0.015525,0.015547,0.015542,0.015477,0.015438,0.015563,0.015946,0.016046,0.016159,0.016461,0.016723,0.016238,0.016159,0.0167,0.016941,0.018202,0.019919,0.020395,0.024348,0.02473,0.024231,0.02516,0.02315,0.02313,0.021805,0.030299,0.033474,0.030553,0.031747,0.034841,0.035421,0.036111,0.036668,0.035842,0.035872,0.034423,0.031762,0.030629,0.025759,0.020932,0.022561,0.022322,0.022967,0.024874,0.028266,0.029359,0.031365,0.030794,0.026116,0.02534,0.023899,0.028243,0.03019,0.024754,0.024265,0.023483,0.022993,0.018294,0.018169,0.019338,0.023967,0.021101,0.019197,0.016241,0.020342,0.017686,0.014486,0.010794,0.010594,0.010886,0.011136,0.0090286,0.0072317,0.0067701,0.0061892,0.0064732,0.006341,0.0064786,0.0072272,0.0062328,0.0057834,0.0058577,0.004579,0.0039295,0.0029314,0.0029871,0.0026462,0.0018471,0.0015659,0.0014534,0.0013121,0.0014633,0.0013634,0.0012181,0.00094019,0.00073968,0.00060097,0.00053857,0.00033954,0.00017928,CUP51404.181-0.01.EW,CUP51404.181-0.01.EW,CUP51404.181-0.01.EW
45,23,999,6,22,0,66.3,999,999,999,999,0,760,I,Q,B,99,99,-999,0.018428135,4.290128843,-999,0.018438,0.018469,0.018479,0.018494,0.018515,0.018513,0.018512,0.018547,0.018562,0.018613,0.018621,0.01862,0.018612,0.018612,0.018649,0.018745,0.018827,0.018816,0.018886,0.019022,0.019204,0.019342,0.019633,0.019785,0.020193,0.020811,0.020938,0.021931,0.02252,0.022415,0.022378,0.024057,0.021119,0.018221,0.017893,0.019514,0.022064,0.022751,0.021771,0.019643,0.020124,0.022556,0.020191,0.019814,0.020637,0.02047,0.019444,0.021001,0.022278,0.023486,0.023557,0.025086,0.029293,0.031805,0.035405,0.040919,0.038366,0.038467,0.038887,0.033587,0.032999,0.029815,0.025822,0.024305,0.023566,0.023336,0.025941,0.027287,0.027057,0.032158,0.035151,0.032389,0.027558,0.024975,0.029319,0.033498,0.037572,0.039864,0.037127,0.030411,0.02636,0.023103,0.019542,0.016663,0.015453,0.013789,0.012939,0.012053,0.0099816,0.0081776,0.006393,0.0053249,0.0046724,0.0044933,0.0039756,0.002768,0.0022778,0.0021419,0.0016914,0.0017329,0.0012959,0.0011623,0.00084472,0.00096093,0.00098777,0.00077149,0.00056807,0.00042515,0.00044293,0.0003236,0.00018909,CUP51405.081-0.01.NS,CUP51405.081-0.01.NS,CUP51405.081-0.01.NS
46,23,999,6,22,0,84.3,999,999,999,999,0,760,I,Q,B,99,99,-999,0.008638124,1.985218877,-999,0.0086443,0.0086623,0.0086666,0.0086781,0.0086848,0.0086962,0.0087197,0.008746,0.008759,0.0087636,0.0087624,0.0087451,0.0087542,0.0087727,0.0088332,0.0088674,0.0088517,0.0089321,0.0088781,0.0087569,0.0087912,0.0092375,0.0097652,0.0099106,0.010108,0.00971,0.010512,0.010754,0.010352,0.011899,0.013883,0.016433,0.014205,0.014167,0.015223,0.017695,0.022172,0.020468,0.015362,0.014892,0.014324,0.013346,0.014706,0.013255,0.012744,0.012834,0.013135,0.01378,0.01394,0.012632,0.014042,0.012617,0.015383,0.017052,0.017756,0.016572,0.013836,0.013633,0.017955,0.01959,0.020189,0.01907,0.015176,0.013958,0.013659,0.01359,0.01459,0.014192,0.01338,0.016043,0.017361,0.01442,0.011071,0.011843,0.01386,0.015092,0.014722,0.012759,0.012363,0.0097163,0.0095322,0.0089541,0.0099862,0.0081953,0.0076997,0.0084872,0.0082841,0.0082105,0.0079156,0.0069064,0.0054133,0.0044518,0.0037782,0.0029532,0.0026233,0.0018671,0.0012625,0.0009856,0.00077609,0.00077439,0.00072092,0.00061883,0.00062319,0.00048235,0.00044606,0.00038859,0.0002733,0.00022652,0.00024532,0.00022113,0.00010827,CUP51405.081-0.01.EW,CUP51405.081-0.01.EW,CUP51405.081-0.01.EW
47,24,999,6.5,22,0,60.5,999,999,999,999,0,760,I,Q,B,99,99,-999,0.009070336,6.488059373,-999,0.0090722,0.009077,0.009079,0.0090833,0.0090903,0.0090904,0.0090935,0.0090904,0.0090912,0.0090906,0.0090876,0.0090922,0.0090966,0.0091001,0.0091066,0.0091129,0.0091245,0.0091381,0.0091535,0.009161,0.009167,0.0091957,0.0092134,0.0092361,0.0092563,0.0093341,0.00941,0.0096144,0.0096949,0.0099319,0.0096325,0.0096638,0.0098346,0.012273,0.012216,0.013019,0.0099401,0.0099603,0.011251,0.01152,0.011787,0.011095,0.01081,0.010507,0.010024,0.010087,0.010539,0.010756,0.010554,0.010727,0.011115,0.011721,0.010573,0.010764,0.011017,0.010291,0.010137,0.011005,0.014543,0.013123,0.013585,0.014949,0.015465,0.015496,0.016153,0.019637,0.019109,0.019192,0.017644,0.016258,0.019963,0.020944,0.030063,0.034915,0.025574,0.027299,0.028712,0.020883,0.014458,0.017987,0.018032,0.019028,0.021878,0.020682,0.022706,0.02177,0.01976,0.018705,0.018067,0.019422,0.019955,0.020531,0.021295,0.021107,0.021605,0.016557,0.013179,0.011302,0.0086736,0.0071072,0.0078529,0.0084308,0.0085041,0.008103,0.007207,0.0053484,0.0040552,0.0028961,0.0022435,0.0020955,0.0026223,CUP51709.081-0.01.NS,CUP51709.081-0.01.NS,CUP51709.081-0.01.NS
48,24,999,6.5,22,0,91,999,999,999,999,0,760,I,Q,B,99,99,-999,0.009001019,4.385382657,-999,0.0090016,0.0090048,0.0090066,0.0090072,0.0090094,0.0090091,0.0090109,0.009007,0.0090047,0.0089997,0.0090012,0.0090018,0.0090023,0.0090033,0.0090018,0.0090005,0.0090098,0.0090105,0.0090057,0.0090145,0.0090202,0.0090492,0.0090489,0.0090507,0.0090646,0.009072,0.0090578,0.0090801,0.0093355,0.0093017,0.009246,0.0092542,0.0093427,0.0098774,0.0096223,0.0099774,0.0098133,0.0099898,0.010972,0.011022,0.011525,0.012154,0.011595,0.011481,0.011718,0.012039,0.012834,0.013367,0.012902,0.01207,0.012793,0.012184,0.014805,0.016021,0.017028,0.01762,0.017356,0.015587,0.017216,0.016607,0.016178,0.019882,0.020285,0.017473,0.019266,0.022026,0.02666,0.029921,0.026017,0.025706,0.02198,0.024349,0.021545,0.024509,0.029502,0.037,0.045038,0.041695,0.022979,0.017042,0.014764,0.015438,0.016599,0.017135,0.020592,0.018684,0.017557,0.018017,0.018287,0.014669,0.012793,0.011642,0.014237,0.014755,0.012307,0.013431,0.008225,0.0079897,0.0082794,0.007309,0.0068846,0.0068964,0.0067335,0.0060606,0.0053769,0.0044341,0.0036205,0.0025655,0.0022132,0.0021265,0.0024667,CUP51709.081-0.01.EW,CUP51709.081-0.01.EW,CUP51709.081-0.01.EW
49,25,999,7.4,22,0,89.8,999,999,999,999,0,760,I,Q,B,99,99,-999,0.059969419,8.654802343,-999,0.060024,0.0602,0.060361,0.060772,0.060116,0.060191,0.060283,0.060173,0.06033,0.060906,0.061408,0.061939,0.062194,0.062388,0.062513,0.062615,0.062382,0.063935,0.067478,0.066939,0.064803,0.069101,0.068404,0.067729,0.07095,0.075265,0.082664,0.10414,0.12287,0.15299,0.16529,0.16393,0.1825,0.16667,0.14933,0.21695,0.2287,0.23344,0.25105,0.21644,0.24603,0.26406,0.18308,0.15235,0.1319,0.11477,0.11795,0.11836,0.12204,0.12506,0.11392,0.12913,0.16205,0.17068,0.17033,0.15702,0.14886,0.10605,0.10175,0.088547,0.10038,0.11097,0.10632,0.09956,0.094216,0.10825,0.12193,0.11385,0.081432,0.10825,0.11619,0.12338,0.12912,0.10536,0.12248,0.10477,0.071712,0.051073,0.049152,0.051994,0.045992,0.039775,0.026909,0.020547,0.021569,0.019546,0.019954,0.018632,0.017389,0.019284,0.021029,0.019585,0.017817,0.015489,0.013957,0.01249,0.014539,0.0069495,0.0052144,0.0040203,0.0035372,0.0029243,0.0021883,0.0023367,0.0025179,0.0020223,0.0017987,0.0023395,0.0028837,0.0019007,0.0015018,CUP51709.191-0.01.NS,CUP51709.191-0.01.NS,CUP51709.191-0.01.NS
50,25,999,7.4,22,0,102.4,999,999,999,999,0,760,I,Q,B,99,99,-999,0.056429154,8.577690947,-999,0.056585,0.057042,0.057135,0.057418,0.057921,0.058021,0.058149,0.058169,0.058266,0.059093,0.059499,0.059978,0.060284,0.060615,0.0613,0.061824,0.062636,0.064432,0.064732,0.064696,0.064761,0.064317,0.066207,0.0686,0.072452,0.077733,0.09605,0.12801,0.16183,0.14362,0.14431,0.13796,0.14825,0.1299,0.15119,0.16643,0.19827,0.22373,0.1792,0.21339,0.23359,0.2118,0.18463,0.19971,0.19636,0.15982,0.13518,0.13775,0.13313,0.10769,0.087764,0.085844,0.10152,0.099858,0.097116,0.10402,0.10144,0.095733,0.10041,0.10766,0.10968,0.11717,0.1541,0.14751,0.14459,0.13587,0.12741,0.14252,0.10902,0.12293,0.10871,0.094062,0.089175,0.080272,0.073093,0.064508,0.048807,0.039284,0.035782,0.024812,0.02208,0.020252,0.018546,0.015855,0.012442,0.011633,0.010339,0.010552,0.011309,0.01227,0.013039,0.014518,0.014365,0.015115,0.015591,0.015761,0.013411,0.012342,0.0086426,0.006938,0.0056863,0.0051639,0.0039724,0.00375,0.0029387,0.0023216,0.0020736,0.0013471,0.001394,0.0015017,0.00084707,CUP51709.191-0.01.EW,CUP51709.191-0.01.EW,CUP51709.191-0.01.EW
51,26,999,6.1,22,0,124.4,999,999,999,999,0,760,I,Q,B,99,99,-999,0.011621814,2.106590142,-999,0.011681,0.011698,0.011677,0.011781,0.011763,0.011762,0.011739,0.011743,0.011768,0.011803,0.011858,0.011941,0.011969,0.012004,0.01207,0.012089,0.012035,0.012291,0.012376,0.012354,0.012531,0.012206,0.013027,0.014314,0.01501,0.014991,0.016355,0.017452,0.017599,0.018958,0.019937,0.020796,0.021353,0.024897,0.031478,0.033038,0.031854,0.034644,0.042472,0.039305,0.038633,0.032887,0.039035,0.035983,0.033513,0.033631,0.032513,0.034397,0.032209,0.031227,0.029111,0.02689,0.026079,0.02901,0.03138,0.033804,0.0348,0.043385,0.035491,0.034151,0.032397,0.031612,0.025529,0.027468,0.035791,0.03193,0.029897,0.027962,0.028407,0.020096,0.023482,0.019239,0.015227,0.0112,0.011818,0.012557,0.012164,0.01409,0.012939,0.0095177,0.0089983,0.0074783,0.0078805,0.0084444,0.0084207,0.0093721,0.0086959,0.007776,0.0072111,0.006889,0.0063055,0.0064346,0.0056446,0.0043951,0.0034129,0.0046309,0.0035516,0.0021855,0.00186,0.0016059,0.0013737,0.0013008,0.001039,0.0008401,0.00077798,0.00056359,0.00050517,0.00043032,0.00030485,0.00033995,0.00014448,CUP59906.151-0.004.NS,CUP59906.151-0.004.NS,CUP59906.151-0.004.NS
52,26,999,6.1,22,0,115.8,999,999,999,999,0,760,I,Q,B,99,99,-999,0.012077472,1.669895044,-999,0.012121,0.012828,0.012779,0.012446,0.012365,0.012348,0.012323,0.012353,0.012411,0.012487,0.012565,0.012692,0.012763,0.012812,0.012801,0.012911,0.013312,0.013516,0.013522,0.013268,0.013346,0.013881,0.014346,0.014553,0.016159,0.017691,0.01885,0.019041,0.023948,0.028101,0.0301,0.032555,0.02753,0.027386,0.031849,0.03029,0.030588,0.032922,0.032341,0.033925,0.03868,0.03746,0.037921,0.034349,0.029893,0.025691,0.024766,0.024222,0.023194,0.022802,0.022492,0.025434,0.026068,0.027428,0.030362,0.03069,0.028244,0.028655,0.024286,0.022045,0.022089,0.024208,0.023328,0.023273,0.025976,0.032241,0.028845,0.022235,0.020874,0.018129,0.022641,0.015511,0.015924,0.015931,0.017714,0.015475,0.01462,0.012434,0.010942,0.010702,0.0097138,0.011205,0.011781,0.012311,0.015263,0.01403,0.013226,0.012333,0.0099739,0.0081311,0.0060876,0.0061469,0.0068477,0.0070772,0.0064058,0.0051853,0.0035991,0.0027201,0.002168,0.0018256,0.0014554,0.0011203,0.000935,0.00082836,0.00080909,0.00070131,0.00058521,0.00045195,0.00037292,0.00024691,0.00013994,CUP59906.151-0.004.EW,CUP59906.151-0.004.EW,CUP59906.151-0.004.EW
53,27,999,5.9,22,0,163.2,999,999,999,999,0,760,I,Q,B,99,99,-999,0.007803262,2.086937613,-999,0.0078452,0.0079266,0.0078368,0.007881,0.0078307,0.007855,0.0078766,0.0078569,0.0078638,0.0079076,0.0079114,0.0079188,0.0079279,0.007936,0.0079486,0.0079561,0.007989,0.0080495,0.0081813,0.0082191,0.0082678,0.0084557,0.0092309,0.0098468,0.011714,0.012438,0.012365,0.017154,0.01696,0.018922,0.019161,0.01689,0.013832,0.017579,0.017962,0.015453,0.019077,0.022116,0.020138,0.021108,0.02168,0.023605,0.026809,0.024958,0.020553,0.016681,0.016835,0.01908,0.018707,0.018613,0.019033,0.017458,0.019281,0.019874,0.020198,0.019169,0.022287,0.020609,0.018683,0.019991,0.022161,0.023967,0.024395,0.025957,0.02481,0.026808,0.0297,0.029819,0.020919,0.01611,0.01552,0.014944,0.017039,0.01728,0.014236,0.014843,0.015102,0.014549,0.011123,0.0098053,0.0091724,0.0086353,0.0081875,0.0097469,0.011475,0.010471,0.0086923,0.0081376,0.0080034,0.0077254,0.0075997,0.007461,0.0072396,0.0067565,0.0064492,0.0074293,0.0060769,0.0056104,0.0039701,0.003322,0.0029788,0.0023528,0.0018192,0.0014848,0.0014157,0.0013161,0.0011554,0.00079161,0.00057638,0.00054294,0.00056927,CUP59909.301-0.004.NS,CUP59909.301-0.004.NS,CUP59909.301-0.004.NS
54,27,999,5.9,22,0,105,999,999,999,999,0,760,I,Q,B,99,99,-999,0.007950051,2.458745914,-999,0.0079814,0.008048,0.0080131,0.0081224,0.0081188,0.0081078,0.0081297,0.0081826,0.0081945,0.0083023,0.0083581,0.0083658,0.008381,0.0083928,0.0083903,0.0084185,0.0086056,0.008777,0.0095788,0.0097818,0.010349,0.011091,0.010618,0.01119,0.013006,0.013887,0.014005,0.018095,0.020873,0.025726,0.024622,0.021129,0.022843,0.023233,0.025822,0.027875,0.026222,0.026088,0.024468,0.021064,0.018609,0.019268,0.020528,0.019013,0.017017,0.017746,0.023285,0.022911,0.022772,0.021994,0.021318,0.021816,0.017619,0.016344,0.016252,0.014406,0.01505,0.015426,0.016931,0.014866,0.013907,0.013142,0.012285,0.014043,0.018274,0.022986,0.021975,0.022454,0.023099,0.013938,0.012577,0.012264,0.015147,0.017507,0.018227,0.020896,0.021769,0.020781,0.014131,0.0099746,0.0086466,0.0087934,0.010784,0.0099379,0.0129,0.012652,0.013046,0.012121,0.008395,0.0078263,0.0074513,0.0066361,0.006648,0.0055351,0.0056532,0.0046935,0.005037,0.0059082,0.0050621,0.0035839,0.0029643,0.0026753,0.00209,0.0018094,0.0014534,0.0011149,0.00078302,0.00075483,0.00073045,0.00075379,0.00035929,CUP59909.301-0.004.EW,CUP59909.301-0.004.EW,CUP59909.301-0.004.EW
55,28,999,6.2,22,0,72.6,999,999,999,999,0,760,I,Q,B,99,99,-999,0.015278287,3.184910733,-999,0.015312,0.015381,0.016527,0.015931,0.016362,0.016202,0.016059,0.015471,0.015523,0.015547,0.015709,0.015739,0.015759,0.015753,0.016026,0.016366,0.01641,0.015945,0.015699,0.015618,0.015559,0.016012,0.016236,0.016118,0.01596,0.015532,0.015427,0.0163,0.01776,0.016812,0.016764,0.016979,0.01636,0.015834,0.018805,0.020205,0.022456,0.023159,0.024546,0.031802,0.031652,0.032434,0.032866,0.030969,0.026395,0.025366,0.027271,0.031114,0.032447,0.033602,0.033015,0.034417,0.034491,0.032466,0.034462,0.031593,0.033442,0.028564,0.03563,0.031293,0.031231,0.033842,0.041918,0.04906,0.040389,0.032974,0.030752,0.028354,0.026978,0.039084,0.032804,0.031847,0.025617,0.020123,0.019208,0.014215,0.013531,0.012516,0.017972,0.022604,0.020153,0.016638,0.011373,0.010359,0.01081,0.0097479,0.008351,0.0076491,0.0058782,0.0058409,0.0059273,0.0054459,0.0042534,0.0035125,0.0028673,0.0022837,0.0022118,0.0024309,0.0020081,0.0020335,0.0021799,0.0025284,0.0024315,0.0021586,0.0020939,0.0015187,0.0012931,0.0011976,0.0014523,0.0015054,0.0012871,TACY8509.211-0.01.NS,TACY8509.211-0.01.NS,TACY8509.211-0.01.NS
56,28,999,6.2,22,0,62.9,999,999,999,999,0,760,I,Q,B,99,99,-999,0.011917431,3.064252604,-999,0.011981,0.012465,0.011984,0.012297,0.012187,0.012304,0.012604,0.012193,0.012197,0.012165,0.012056,0.011953,0.011757,0.011968,0.012399,0.012456,0.012306,0.012296,0.012132,0.011972,0.012173,0.01215,0.012161,0.012456,0.012725,0.012696,0.012417,0.01219,0.012849,0.012447,0.012653,0.013161,0.014067,0.015424,0.015448,0.016616,0.01542,0.017507,0.023051,0.022292,0.025374,0.025362,0.029175,0.029573,0.029286,0.023252,0.024651,0.027798,0.030879,0.030391,0.034497,0.031545,0.038407,0.041882,0.042889,0.038538,0.034818,0.034896,0.030107,0.033357,0.033546,0.033177,0.039527,0.041121,0.048451,0.036303,0.031709,0.03048,0.02632,0.02055,0.024728,0.029677,0.027666,0.023575,0.023211,0.018286,0.016242,0.014971,0.015878,0.022752,0.023125,0.019937,0.012946,0.011588,0.0098339,0.0077248,0.006844,0.006706,0.0054532,0.0051886,0.0050689,0.0045725,0.0040202,0.0035641,0.0031144,0.0033592,0.0035084,0.0028517,0.0022638,0.0022883,0.0021921,0.0019023,0.0018987,0.0018317,0.0022398,0.0022745,0.0022879,0.0020427,0.0018655,0.0014499,0.00066463,TACY8509.211-0.01.EW,TACY8509.211-0.01.EW,TACY8509.211-0.01.EW
57,29,999,7.3,22,0,103.2,999,999,999,999,0,760,I,Q,B,99,99,-999,0.005160041,0.661394566,-999,0.0051713,0.0056024,0.0056397,0.0054372,0.0058632,0.0059784,0.0055587,0.0053512,0.0053321,0.0054534,0.0053089,0.0053155,0.0053303,0.005389,0.0053784,0.0053228,0.0054764,0.0057633,0.005727,0.0055174,0.0054023,0.0055343,0.00565,0.0055888,0.0057768,0.0057824,0.0057279,0.0057754,0.0059097,0.0056636,0.0057945,0.0063541,0.006617,0.0067959,0.0069837,0.0077426,0.0084768,0.008537,0.008842,0.0096155,0.010388,0.0098022,0.011292,0.012639,0.014253,0.016361,0.018148,0.016847,0.014564,0.01294,0.012646,0.015811,0.017696,0.017671,0.016979,0.017296,0.019881,0.021013,0.021127,0.012889,0.012283,0.012335,0.01358,0.013121,0.013651,0.0127,0.0098566,0.0077201,0.0059239,0.0053059,0.005861,0.0054404,0.004591,0.0032878,0.0031708,0.0030045,0.0026642,0.0024321,0.0022703,0.0022296,0.0021846,0.0023304,0.0020633,0.0013469,0.0014138,0.0011658,0.00097753,0.00092828,0.00086007,0.0010819,0.00094844,0.0008524,0.00090609,0.00086928,0.00083792,0.0004837,0.00049805,0.00046672,0.00029785,0.00025203,0.00022304,0.00019143,0.00020295,0.00019747,0.00021323,0.00019092,0.00017058,0.00021193,0.00017513,0.00013518,0.00014671,TACY9607.151-0.01.NS,TACY9607.151-0.01.NS,TACY9607.151-0.01.NS
58,29,999,7.3,22,0,70,999,999,999,999,0,760,I,Q,B,99,99,-999,0.003982671,0.422210732,-999,0.0039967,0.0040194,0.0041537,0.0042553,0.0042921,0.0042437,0.0045101,0.0043251,0.0043392,0.0043511,0.0042867,0.0042663,0.0042862,0.0043226,0.0044765,0.0044896,0.0041753,0.0040498,0.00411,0.0041225,0.0042038,0.0040728,0.0042684,0.0043829,0.0045205,0.0046082,0.0044405,0.004191,0.0042484,0.0044416,0.0045604,0.0053139,0.0049638,0.0054675,0.0052422,0.0054872,0.0057565,0.0075085,0.0094711,0.0083954,0.0097708,0.0096067,0.0096755,0.0099304,0.0091417,0.0080232,0.0087288,0.0082785,0.0085619,0.011101,0.011885,0.01482,0.015943,0.015592,0.014141,0.011702,0.01257,0.011468,0.010232,0.010031,0.0090874,0.0083537,0.0081599,0.0069112,0.0067395,0.007366,0.0079526,0.0070402,0.0076209,0.0063346,0.0068521,0.0074914,0.0063504,0.0037695,0.003356,0.0033184,0.0027919,0.0028273,0.0019524,0.0019483,0.001879,0.0015932,0.0016564,0.0015842,0.001657,0.0014376,0.0013611,0.0011339,0.00081494,0.00067624,0.00065753,0.00065121,0.00064018,0.00068866,0.00076468,0.00064422,0.00041954,0.00034428,0.00033638,0.00029712,0.00022377,0.00018439,0.00015165,0.00014632,0.00014805,0.00018098,0.00019669,0.00016823,0.00017172,9.56E-05,6.65E-05,TACY9607.151-0.01.EW,TACY9607.151-0.01.EW,TACY9607.151-0.01.EW
